<?xml version="1.0" encoding="UTF-8" standalone="yes"?>
<addon id="repository.Sanctum" name="Sanctum Repo" version="0.07" provider-name="Philosophics">
    <extension point="xbmc.addon.repository" name="Sanctum Repository">
        <dir>
            <info compressed="false">https://philosophics.github.io/Sanctum/repo/addons.xml</info>
            <checksum>https://philosophics.github.io/Sanctum/repo/addonsmd5.txt</checksum>
            <datadir zip="true">https://philosophics.github.io/Sanctum/repo/</datadir>
        </dir>
    </extension>
    <extension point="xbmc.addon.metadata">
        <assets>
            <icon>icon.png</icon>
            <fanart>fanart.jpg</fanart>
        </assets>
        <summary lang="en">Sanctum Repository</summary>
        <description lang="en">A project for The Salted Lounge</description>
        <genre>Video</genre>
    </extension>
</addon>