<addon id="repository.Sanctum" name="[COLOR limegreen][B]Sanctum Repo [/B][/COLOR]" version="0.07" provider-name="The Salted Lounge™">
<extension point="xbmc.addon.repository" name="Sanctum Repository">
<dir>
<info compressed="false">https://philosophics.github.io/Sanctum/repo/addons.xml</info>
<checksum>https://philosophics.github.io/Sanctum/repo/addonsmd5.txt</checksum>
<datadir zip="true">https://philosophics.github.io/Sanctum/repo/</datadir>
</dir>
<dir>
<info compressed="false">https://raw.githubusercontent.com/totalrevolution/python-koding/master/zips/addons.xml</info>
<checksum>https://raw.githubusercontent.com/totalrevolution/python-koding/master/zips/addons.xml.md5</checksum>
<datadir zip="true">https://raw.githubusercontent.com/totalrevolution/python-koding/master/zips/</datadir>
</dir>
<dir>
<info compressed="false">https://raw.githubusercontent.com/teamuniversal/scrapers/master/_modules4all/zips/addons.xml</info>
<checksum>https://raw.githubusercontent.com/teamuniversal/scrapers/master/_modules4all/zips/addons.xml.md5</checksum>
<datadir zip="true">https://raw.githubusercontent.com/teamuniversal/scrapers/master/_modules4all/zips/</datadir>
</dir>
<dir>
<info compressed="false">https://raw.githubusercontent.com/a4k-openproject/repository.openscrapers/master/zips/addons.xml</info>
<checksum>https://raw.githubusercontent.com/a4k-openproject/repository.openscrapers/master/zips/addons.xml.md5</checksum>
<datadir zip="true">https://raw.githubusercontent.com/a4k-openproject/repository.openscrapers/master/zips/</datadir>
</dir>
<dir>
<info compressed="false">https://raw.githubusercontent.com/Gujal00/smrzips/master/addons.xml</info>
<checksum>https://raw.githubusercontent.com/Gujal00/smrzips/master/addons.xml.md5</checksum>
<datadir zip="true">https://raw.githubusercontent.com/Gujal00/smrzips/master/zips/</datadir>
</dir>
</extension>
<extension point="xbmc.addon.metadata">
<assets>
<icon>icon.png</icon>
<fanart>fanart.jpg</fanart>
</assets>
<summary lang="en"/>
<description lang="en"/>
<genre/>
</extension>
</addon>