<addon id="repository.Sanctum" version="0.07" name="Sanctum Repository" provider-name="Philosophics">
    <extension point="xbmc.addon.repository" name="Sanctum Repository">
        <info compressed="true">https://philosophics.github.io/Sanctum/addons.xml</info>
        <checksum>https://philosophics.github.io/Sanctum/addons.xml.md5</checksum>
        <datadir zip="true">https://philosophics.github.io/Sanctum/</datadir>
    </extension>
    <extension point="xbmc.addon.metadata">
        <summary>Sanctum Repository</summary>
        <description>A project for The Salted Lounge</description>
        <platform>all</platform>
    </extension>
</addon>