<?xml version="1.0" encoding="UTF-8" standalone="yes"?>
<addon id="repository.Sanctum" name="[COLOR limegreen][B]Sanctum Repo[/B][/COLOR]" version="0.07" provider-name="Philosophics">
	<extension point="xbmc.addon.repository" name="Sanctum Repository">
		<dir>
			<info compressed="false">https://philosophics.github.io/Sanctum/addons.xml</info>
			<checksum>https://philosophics.github.io/Sanctum/addonsmd5.txt</checksum>
			<datadir zip="true">https://philosophics.github.io/Sanctum/</datadir>
		</dir>
	</extension>
	<extension point="xbmc.addon.metadata">
    <assets>
        <icon>icon.png</icon>
        <fanart>fanart.jpg</fanart>			
    </assets>
		<summary lang="en"></summary>
		<description lang="en"></description>
		<genre></genre>
	</extension>
</addon>