<?xml version="1.0" encoding="UTF-8" standalone="yes"?>
<addon id="plugin.program.Sanctum-Wiz" name="Sanctum Wizard" version="0.07" provider-name="Philosophics">
  <requires>
    <import addon="xbmc.python" version="2.1.0"/>
  </requires>
  <extension point="xbmc.python.pluginsource" library="default.py">
    <provides>executable</provides>
  </extension>
  <extension point="xbmc.service" library="startup.py" start="startup" />
  <extension point="xbmc.addon.metadata">
    <summary lang="en">Sanctum Wizard</summary>
    <description lang="en">Sanctum Wizard allows you to get access to the latest custom build for The Salted Lounge™.</description>
    <platform>all</platform>
  </extension>
</addon>