<addon id="repository.Sanctum" version="0.07" name="[COLOR limegreen][B]Sanctum Repository[/B][/COLOR]" provider-name="Philosophics">
    <extension point="xbmc.addon.repository" name="Sanctum Repository">
        <dir>
            <info compressed="false">https://sanctum.foo/lib/addons.xml</info>
            <checksum>https://sanctum.foo/lib/addons.xml.md5</checksum>
            <datadir zip="true">https://sanctum.foo/repo</datadir>
        </dir>
		<dir>
			<info compressed="false">https://raw.githubusercontent.com/Gujal00/smrzips/master/addons.xml</info>
			<checksum>https://raw.githubusercontent.com/Gujal00/smrzips/master/addons.xml.md5</checksum>
			<datadir zip="true">https://raw.githubusercontent.com/Gujal00/smrzips/master/zips/</datadir>
		</dir>
    </extension>
    <extension point="xbmc.addon.metadata">
        <summary>addon source</summary>
        <description>Central hub for accessing and managing addons and tools designed to enhance your Kodi experience. This project is proudly developed for The Salted Lounge™, offering a streamlined and reliable resource for the community.</description>
        <platform>all</platform>
        <assets>
            <icon>icon.png</icon>
            <fanart>fanart.jpg</fanart>
			<screenshot>resources/repository-banner_1.png</screenshot>
			<screenshot>resources/repository-banner_2.png</screenshot>
			<screenshot>resources/repository-banner_3.png</screenshot>
        </assets>
    </extension>
</addon>