<addon id="repository.Sanctum" version="0.07" name="[COLOR limegreen][B]Sanctum Repository[/B][/COLOR]" provider-name="Philosophics">
    <extension point="xbmc.addon.repository" name="Sanctum Repository">
        <dir>
            <info compressed="false">https://sanctum.foo/lib/addons.xml</info>
            <checksum>https://sanctum.foo/lib/addons.xml.md5</checksum>
            <datadir zip="true">https://sanctum.foo/Wizard</datadir>
        </dir>
    </extension>
    <extension point="xbmc.addon.metadata">
        <summary>Sanctum Repository</summary>
        <description>A project for The Salted Lounge™</description>
        <platform>all</platform>
        <assets>
            <icon>../icon.png</icon>
            <fanart>../fanart.jpg</fanart>
        </assets>
    </extension>
</addon>