<addon id="repository.Sanctum" version="0.07" name="[COLOR limegreen][B]Sanctum Repository[/B][/COLOR]" provider-name="Philosophics">
    <extension point="xbmc.addon.repository" name="Sanctum Repository" version="21.1.0">
        <info compressed="true">https://philosophics.github.io/Sanctum/addons.xml</info>
        <checksum>https://philosophics.github.io/Sanctum/addons.xml.md5</checksum>
        <dir>
            <addon>https://philosophics.github.io/Sanctum/plugin.program.SanctumWiz/addon.xml</addon>
            <zip>https://philosophics.github.io/Sanctum/plugin.program.SanctumWiz/plugin.program.SanctumWiz.zip</zip>
        </dir>
        <dir>
            <addon>https://philosophics.github.io/Sanctum/repository.Sanctum/addon.xml</addon>
            <zip>https://philosophics.github.io/Sanctum/repository.Sanctum/repository.Sanctum.zip</zip>
        </dir>
    </extension>
    <extension point="xbmc.addon.metadata">
        <summary>Sanctum Repository</summary>
        <description>A project for The Salted Lounge™</description>
        <platform>all</platform>
        <assets>
            <icon>icon.png</icon>
            <fanart>fanart.jpg</fanart>
        </assets>
    </extension>
</addon>